kind,id,corner,x_board_mm,y_board_mm,x_arena_m,y_arena_m,z_arena_m
chess_corner,0,,375,375,0.7500,6.7500,0
chess_corner,1,,750,375,1.1250,6.7500,0
chess_corner,2,,1125,375,1.5000,6.7500,0
chess_corner,3,,1500,375,1.8750,6.7500,0
chess_corner,4,,1875,375,2.2500,6.7500,0
chess_corner,5,,2250,375,2.6250,6.7500,0
chess_corner,6,,2625,375,3.0000,6.7500,0
chess_corner,7,,3000,375,3.3750,6.7500,0
chess_corner,8,,3375,375,3.7500,6.7500,0
chess_corner,9,,3750,375,4.1250,6.7500,0
chess_corner,10,,4125,375,4.5000,6.7500,0
chess_corner,11,,4500,375,4.8750,6.7500,0
chess_corner,12,,4875,375,5.2500,6.7500,0
chess_corner,13,,5250,375,5.6250,6.7500,0
chess_corner,14,,5625,375,6.0000,6.7500,0
chess_corner,15,,6000,375,6.3750,6.7500,0
chess_corner,16,,6375,375,6.7500,6.7500,0
chess_corner,17,,6750,375,7.1250,6.7500,0
chess_corner,18,,7125,375,7.5000,6.7500,0
chess_corner,19,,7500,375,7.8750,6.7500,0
chess_corner,20,,7875,375,8.2500,6.7500,0
chess_corner,21,,8250,375,8.6250,6.7500,0
chess_corner,22,,8625,375,9.0000,6.7500,0
chess_corner,23,,9000,375,9.3750,6.7500,0
chess_corner,24,,9375,375,9.7500,6.7500,0
chess_corner,25,,9750,375,10.1250,6.7500,0
chess_corner,26,,10125,375,10.5000,6.7500,0
chess_corner,27,,10500,375,10.8750,6.7500,0
chess_corner,28,,10875,375,11.2500,6.7500,0
chess_corner,29,,375,750,0.7500,6.3750,0
chess_corner,30,,750,750,1.1250,6.3750,0
chess_corner,31,,1125,750,1.5000,6.3750,0
chess_corner,32,,1500,750,1.8750,6.3750,0
chess_corner,33,,1875,750,2.2500,6.3750,0
chess_corner,34,,2250,750,2.6250,6.3750,0
chess_corner,35,,2625,750,3.0000,6.3750,0
chess_corner,36,,3000,750,3.3750,6.3750,0
chess_corner,37,,3375,750,3.7500,6.3750,0
chess_corner,38,,3750,750,4.1250,6.3750,0
chess_corner,39,,4125,750,4.5000,6.3750,0
chess_corner,40,,4500,750,4.8750,6.3750,0
chess_corner,41,,4875,750,5.2500,6.3750,0
chess_corner,42,,5250,750,5.6250,6.3750,0
chess_corner,43,,5625,750,6.0000,6.3750,0
chess_corner,44,,6000,750,6.3750,6.3750,0
chess_corner,45,,6375,750,6.7500,6.3750,0
chess_corner,46,,6750,750,7.1250,6.3750,0
chess_corner,47,,7125,750,7.5000,6.3750,0
chess_corner,48,,7500,750,7.8750,6.3750,0
chess_corner,49,,7875,750,8.2500,6.3750,0
chess_corner,50,,8250,750,8.6250,6.3750,0
chess_corner,51,,8625,750,9.0000,6.3750,0
chess_corner,52,,9000,750,9.3750,6.3750,0
chess_corner,53,,9375,750,9.7500,6.3750,0
chess_corner,54,,9750,750,10.1250,6.3750,0
chess_corner,55,,10125,750,10.5000,6.3750,0
chess_corner,56,,10500,750,10.8750,6.3750,0
chess_corner,57,,10875,750,11.2500,6.3750,0
chess_corner,58,,375,1125,0.7500,6.0000,0
chess_corner,59,,750,1125,1.1250,6.0000,0
chess_corner,60,,1125,1125,1.5000,6.0000,0
chess_corner,61,,1500,1125,1.8750,6.0000,0
chess_corner,62,,1875,1125,2.2500,6.0000,0
chess_corner,63,,2250,1125,2.6250,6.0000,0
chess_corner,64,,2625,1125,3.0000,6.0000,0
chess_corner,65,,3000,1125,3.3750,6.0000,0
chess_corner,66,,3375,1125,3.7500,6.0000,0
chess_corner,67,,3750,1125,4.1250,6.0000,0
chess_corner,68,,4125,1125,4.5000,6.0000,0
chess_corner,69,,4500,1125,4.8750,6.0000,0
chess_corner,70,,4875,1125,5.2500,6.0000,0
chess_corner,71,,5250,1125,5.6250,6.0000,0
chess_corner,72,,5625,1125,6.0000,6.0000,0
chess_corner,73,,6000,1125,6.3750,6.0000,0
chess_corner,74,,6375,1125,6.7500,6.0000,0
chess_corner,75,,6750,1125,7.1250,6.0000,0
chess_corner,76,,7125,1125,7.5000,6.0000,0
chess_corner,77,,7500,1125,7.8750,6.0000,0
chess_corner,78,,7875,1125,8.2500,6.0000,0
chess_corner,79,,8250,1125,8.6250,6.0000,0
chess_corner,80,,8625,1125,9.0000,6.0000,0
chess_corner,81,,9000,1125,9.3750,6.0000,0
chess_corner,82,,9375,1125,9.7500,6.0000,0
chess_corner,83,,9750,1125,10.1250,6.0000,0
chess_corner,84,,10125,1125,10.5000,6.0000,0
chess_corner,85,,10500,1125,10.8750,6.0000,0
chess_corner,86,,10875,1125,11.2500,6.0000,0
chess_corner,87,,375,1500,0.7500,5.6250,0
chess_corner,88,,750,1500,1.1250,5.6250,0
chess_corner,89,,1125,1500,1.5000,5.6250,0
chess_corner,90,,1500,1500,1.8750,5.6250,0
chess_corner,91,,1875,1500,2.2500,5.6250,0
chess_corner,92,,2250,1500,2.6250,5.6250,0
chess_corner,93,,2625,1500,3.0000,5.6250,0
chess_corner,94,,3000,1500,3.3750,5.6250,0
chess_corner,95,,3375,1500,3.7500,5.6250,0
chess_corner,96,,3750,1500,4.1250,5.6250,0
chess_corner,97,,4125,1500,4.5000,5.6250,0
chess_corner,98,,4500,1500,4.8750,5.6250,0
chess_corner,99,,4875,1500,5.2500,5.6250,0
chess_corner,100,,5250,1500,5.6250,5.6250,0
chess_corner,101,,5625,1500,6.0000,5.6250,0
chess_corner,102,,6000,1500,6.3750,5.6250,0
chess_corner,103,,6375,1500,6.7500,5.6250,0
chess_corner,104,,6750,1500,7.1250,5.6250,0
chess_corner,105,,7125,1500,7.5000,5.6250,0
chess_corner,106,,7500,1500,7.8750,5.6250,0
chess_corner,107,,7875,1500,8.2500,5.6250,0
chess_corner,108,,8250,1500,8.6250,5.6250,0
chess_corner,109,,8625,1500,9.0000,5.6250,0
chess_corner,110,,9000,1500,9.3750,5.6250,0
chess_corner,111,,9375,1500,9.7500,5.6250,0
chess_corner,112,,9750,1500,10.1250,5.6250,0
chess_corner,113,,10125,1500,10.5000,5.6250,0
chess_corner,114,,10500,1500,10.8750,5.6250,0
chess_corner,115,,10875,1500,11.2500,5.6250,0
chess_corner,116,,375,1875,0.7500,5.2500,0
chess_corner,117,,750,1875,1.1250,5.2500,0
chess_corner,118,,1125,1875,1.5000,5.2500,0
chess_corner,119,,1500,1875,1.8750,5.2500,0
chess_corner,120,,1875,1875,2.2500,5.2500,0
chess_corner,121,,2250,1875,2.6250,5.2500,0
chess_corner,122,,2625,1875,3.0000,5.2500,0
chess_corner,123,,3000,1875,3.3750,5.2500,0
chess_corner,124,,3375,1875,3.7500,5.2500,0
chess_corner,125,,3750,1875,4.1250,5.2500,0
chess_corner,126,,4125,1875,4.5000,5.2500,0
chess_corner,127,,4500,1875,4.8750,5.2500,0
chess_corner,128,,4875,1875,5.2500,5.2500,0
chess_corner,129,,5250,1875,5.6250,5.2500,0
chess_corner,130,,5625,1875,6.0000,5.2500,0
chess_corner,131,,6000,1875,6.3750,5.2500,0
chess_corner,132,,6375,1875,6.7500,5.2500,0
chess_corner,133,,6750,1875,7.1250,5.2500,0
chess_corner,134,,7125,1875,7.5000,5.2500,0
chess_corner,135,,7500,1875,7.8750,5.2500,0
chess_corner,136,,7875,1875,8.2500,5.2500,0
chess_corner,137,,8250,1875,8.6250,5.2500,0
chess_corner,138,,8625,1875,9.0000,5.2500,0
chess_corner,139,,9000,1875,9.3750,5.2500,0
chess_corner,140,,9375,1875,9.7500,5.2500,0
chess_corner,141,,9750,1875,10.1250,5.2500,0
chess_corner,142,,10125,1875,10.5000,5.2500,0
chess_corner,143,,10500,1875,10.8750,5.2500,0
chess_corner,144,,10875,1875,11.2500,5.2500,0
marker_corner,0,0,422.5,47.5,0.7975,7.0775,0
marker_corner,0,1,702.5,47.5,1.0775,7.0775,0
marker_corner,0,2,702.5,327.5,1.0775,6.7975,0
marker_corner,0,3,422.5,327.5,0.7975,6.7975,0
marker_corner,1,0,1172.5,47.5,1.5475,7.0775,0
marker_corner,1,1,1452.5,47.5,1.8275,7.0775,0
marker_corner,1,2,1452.5,327.5,1.8275,6.7975,0
marker_corner,1,3,1172.5,327.5,1.5475,6.7975,0
marker_corner,2,0,1922.5,47.5,2.2975,7.0775,0
marker_corner,2,1,2202.5,47.5,2.5775,7.0775,0
marker_corner,2,2,2202.5,327.5,2.5775,6.7975,0
marker_corner,2,3,1922.5,327.5,2.2975,6.7975,0
marker_corner,3,0,2672.5,47.5,3.0475,7.0775,0
marker_corner,3,1,2952.5,47.5,3.3275,7.0775,0
marker_corner,3,2,2952.5,327.5,3.3275,6.7975,0
marker_corner,3,3,2672.5,327.5,3.0475,6.7975,0
marker_corner,4,0,3422.5,47.5,3.7975,7.0775,0
marker_corner,4,1,3702.5,47.5,4.0775,7.0775,0
marker_corner,4,2,3702.5,327.5,4.0775,6.7975,0
marker_corner,4,3,3422.5,327.5,3.7975,6.7975,0
marker_corner,5,0,4172.5,47.5,4.5475,7.0775,0
marker_corner,5,1,4452.5,47.5,4.8275,7.0775,0
marker_corner,5,2,4452.5,327.5,4.8275,6.7975,0
marker_corner,5,3,4172.5,327.5,4.5475,6.7975,0
marker_corner,6,0,4922.5,47.5,5.2975,7.0775,0
marker_corner,6,1,5202.5,47.5,5.5775,7.0775,0
marker_corner,6,2,5202.5,327.5,5.5775,6.7975,0
marker_corner,6,3,4922.5,327.5,5.2975,6.7975,0
marker_corner,7,0,5672.5,47.5,6.0475,7.0775,0
marker_corner,7,1,5952.5,47.5,6.3275,7.0775,0
marker_corner,7,2,5952.5,327.5,6.3275,6.7975,0
marker_corner,7,3,5672.5,327.5,6.0475,6.7975,0
marker_corner,8,0,6422.5,47.5,6.7975,7.0775,0
marker_corner,8,1,6702.5,47.5,7.0775,7.0775,0
marker_corner,8,2,6702.5,327.5,7.0775,6.7975,0
marker_corner,8,3,6422.5,327.5,6.7975,6.7975,0
marker_corner,9,0,7172.5,47.5,7.5475,7.0775,0
marker_corner,9,1,7452.5,47.5,7.8275,7.0775,0
marker_corner,9,2,7452.5,327.5,7.8275,6.7975,0
marker_corner,9,3,7172.5,327.5,7.5475,6.7975,0
marker_corner,10,0,7922.5,47.5,8.2975,7.0775,0
marker_corner,10,1,8202.5,47.5,8.5775,7.0775,0
marker_corner,10,2,8202.5,327.5,8.5775,6.7975,0
marker_corner,10,3,7922.5,327.5,8.2975,6.7975,0
marker_corner,11,0,8672.5,47.5,9.0475,7.0775,0
marker_corner,11,1,8952.5,47.5,9.3275,7.0775,0
marker_corner,11,2,8952.5,327.5,9.3275,6.7975,0
marker_corner,11,3,8672.5,327.5,9.0475,6.7975,0
marker_corner,12,0,9422.5,47.5,9.7975,7.0775,0
marker_corner,12,1,9702.5,47.5,10.0775,7.0775,0
marker_corner,12,2,9702.5,327.5,10.0775,6.7975,0
marker_corner,12,3,9422.5,327.5,9.7975,6.7975,0
marker_corner,13,0,10172.5,47.5,10.5475,7.0775,0
marker_corner,13,1,10452.5,47.5,10.8275,7.0775,0
marker_corner,13,2,10452.5,327.5,10.8275,6.7975,0
marker_corner,13,3,10172.5,327.5,10.5475,6.7975,0
marker_corner,14,0,10922.5,47.5,11.2975,7.0775,0
marker_corner,14,1,11202.5,47.5,11.5775,7.0775,0
marker_corner,14,2,11202.5,327.5,11.5775,6.7975,0
marker_corner,14,3,10922.5,327.5,11.2975,6.7975,0
marker_corner,15,0,47.5,422.5,0.4225,6.7025,0
marker_corner,15,1,327.5,422.5,0.7025,6.7025,0
marker_corner,15,2,327.5,702.5,0.7025,6.4225,0
marker_corner,15,3,47.5,702.5,0.4225,6.4225,0
marker_corner,16,0,797.5,422.5,1.1725,6.7025,0
marker_corner,16,1,1077.5,422.5,1.4525,6.7025,0
marker_corner,16,2,1077.5,702.5,1.4525,6.4225,0
marker_corner,16,3,797.5,702.5,1.1725,6.4225,0
marker_corner,17,0,1547.5,422.5,1.9225,6.7025,0
marker_corner,17,1,1827.5,422.5,2.2025,6.7025,0
marker_corner,17,2,1827.5,702.5,2.2025,6.4225,0
marker_corner,17,3,1547.5,702.5,1.9225,6.4225,0
marker_corner,18,0,2297.5,422.5,2.6725,6.7025,0
marker_corner,18,1,2577.5,422.5,2.9525,6.7025,0
marker_corner,18,2,2577.5,702.5,2.9525,6.4225,0
marker_corner,18,3,2297.5,702.5,2.6725,6.4225,0
marker_corner,19,0,3047.5,422.5,3.4225,6.7025,0
marker_corner,19,1,3327.5,422.5,3.7025,6.7025,0
marker_corner,19,2,3327.5,702.5,3.7025,6.4225,0
marker_corner,19,3,3047.5,702.5,3.4225,6.4225,0
marker_corner,20,0,3797.5,422.5,4.1725,6.7025,0
marker_corner,20,1,4077.5,422.5,4.4525,6.7025,0
marker_corner,20,2,4077.5,702.5,4.4525,6.4225,0
marker_corner,20,3,3797.5,702.5,4.1725,6.4225,0
marker_corner,21,0,4547.5,422.5,4.9225,6.7025,0
marker_corner,21,1,4827.5,422.5,5.2025,6.7025,0
marker_corner,21,2,4827.5,702.5,5.2025,6.4225,0
marker_corner,21,3,4547.5,702.5,4.9225,6.4225,0
marker_corner,22,0,5297.5,422.5,5.6725,6.7025,0
marker_corner,22,1,5577.5,422.5,5.9525,6.7025,0
marker_corner,22,2,5577.5,702.5,5.9525,6.4225,0
marker_corner,22,3,5297.5,702.5,5.6725,6.4225,0
marker_corner,23,0,6047.5,422.5,6.4225,6.7025,0
marker_corner,23,1,6327.5,422.5,6.7025,6.7025,0
marker_corner,23,2,6327.5,702.5,6.7025,6.4225,0
marker_corner,23,3,6047.5,702.5,6.4225,6.4225,0
marker_corner,24,0,6797.5,422.5,7.1725,6.7025,0
marker_corner,24,1,7077.5,422.5,7.4525,6.7025,0
marker_corner,24,2,7077.5,702.5,7.4525,6.4225,0
marker_corner,24,3,6797.5,702.5,7.1725,6.4225,0
marker_corner,25,0,7547.5,422.5,7.9225,6.7025,0
marker_corner,25,1,7827.5,422.5,8.2025,6.7025,0
marker_corner,25,2,7827.5,702.5,8.2025,6.4225,0
marker_corner,25,3,7547.5,702.5,7.9225,6.4225,0
marker_corner,26,0,8297.5,422.5,8.6725,6.7025,0
marker_corner,26,1,8577.5,422.5,8.9525,6.7025,0
marker_corner,26,2,8577.5,702.5,8.9525,6.4225,0
marker_corner,26,3,8297.5,702.5,8.6725,6.4225,0
marker_corner,27,0,9047.5,422.5,9.4225,6.7025,0
marker_corner,27,1,9327.5,422.5,9.7025,6.7025,0
marker_corner,27,2,9327.5,702.5,9.7025,6.4225,0
marker_corner,27,3,9047.5,702.5,9.4225,6.4225,0
marker_corner,28,0,9797.5,422.5,10.1725,6.7025,0
marker_corner,28,1,10077.5,422.5,10.4525,6.7025,0
marker_corner,28,2,10077.5,702.5,10.4525,6.4225,0
marker_corner,28,3,9797.5,702.5,10.1725,6.4225,0
marker_corner,29,0,10547.5,422.5,10.9225,6.7025,0
marker_corner,29,1,10827.5,422.5,11.2025,6.7025,0
marker_corner,29,2,10827.5,702.5,11.2025,6.4225,0
marker_corner,29,3,10547.5,702.5,10.9225,6.4225,0
marker_corner,30,0,422.5,797.5,0.7975,6.3275,0
marker_corner,30,1,702.5,797.5,1.0775,6.3275,0
marker_corner,30,2,702.5,1077.5,1.0775,6.0475,0
marker_corner,30,3,422.5,1077.5,0.7975,6.0475,0
marker_corner,31,0,1172.5,797.5,1.5475,6.3275,0
marker_corner,31,1,1452.5,797.5,1.8275,6.3275,0
marker_corner,31,2,1452.5,1077.5,1.8275,6.0475,0
marker_corner,31,3,1172.5,1077.5,1.5475,6.0475,0
marker_corner,32,0,1922.5,797.5,2.2975,6.3275,0
marker_corner,32,1,2202.5,797.5,2.5775,6.3275,0
marker_corner,32,2,2202.5,1077.5,2.5775,6.0475,0
marker_corner,32,3,1922.5,1077.5,2.2975,6.0475,0
marker_corner,33,0,2672.5,797.5,3.0475,6.3275,0
marker_corner,33,1,2952.5,797.5,3.3275,6.3275,0
marker_corner,33,2,2952.5,1077.5,3.3275,6.0475,0
marker_corner,33,3,2672.5,1077.5,3.0475,6.0475,0
marker_corner,34,0,3422.5,797.5,3.7975,6.3275,0
marker_corner,34,1,3702.5,797.5,4.0775,6.3275,0
marker_corner,34,2,3702.5,1077.5,4.0775,6.0475,0
marker_corner,34,3,3422.5,1077.5,3.7975,6.0475,0
marker_corner,35,0,4172.5,797.5,4.5475,6.3275,0
marker_corner,35,1,4452.5,797.5,4.8275,6.3275,0
marker_corner,35,2,4452.5,1077.5,4.8275,6.0475,0
marker_corner,35,3,4172.5,1077.5,4.5475,6.0475,0
marker_corner,36,0,4922.5,797.5,5.2975,6.3275,0
marker_corner,36,1,5202.5,797.5,5.5775,6.3275,0
marker_corner,36,2,5202.5,1077.5,5.5775,6.0475,0
marker_corner,36,3,4922.5,1077.5,5.2975,6.0475,0
marker_corner,37,0,5672.5,797.5,6.0475,6.3275,0
marker_corner,37,1,5952.5,797.5,6.3275,6.3275,0
marker_corner,37,2,5952.5,1077.5,6.3275,6.0475,0
marker_corner,37,3,5672.5,1077.5,6.0475,6.0475,0
marker_corner,38,0,6422.5,797.5,6.7975,6.3275,0
marker_corner,38,1,6702.5,797.5,7.0775,6.3275,0
marker_corner,38,2,6702.5,1077.5,7.0775,6.0475,0
marker_corner,38,3,6422.5,1077.5,6.7975,6.0475,0
marker_corner,39,0,7172.5,797.5,7.5475,6.3275,0
marker_corner,39,1,7452.5,797.5,7.8275,6.3275,0
marker_corner,39,2,7452.5,1077.5,7.8275,6.0475,0
marker_corner,39,3,7172.5,1077.5,7.5475,6.0475,0
marker_corner,40,0,7922.5,797.5,8.2975,6.3275,0
marker_corner,40,1,8202.5,797.5,8.5775,6.3275,0
marker_corner,40,2,8202.5,1077.5,8.5775,6.0475,0
marker_corner,40,3,7922.5,1077.5,8.2975,6.0475,0
marker_corner,41,0,8672.5,797.5,9.0475,6.3275,0
marker_corner,41,1,8952.5,797.5,9.3275,6.3275,0
marker_corner,41,2,8952.5,1077.5,9.3275,6.0475,0
marker_corner,41,3,8672.5,1077.5,9.0475,6.0475,0
marker_corner,42,0,9422.5,797.5,9.7975,6.3275,0
marker_corner,42,1,9702.5,797.5,10.0775,6.3275,0
marker_corner,42,2,9702.5,1077.5,10.0775,6.0475,0
marker_corner,42,3,9422.5,1077.5,9.7975,6.0475,0
marker_corner,43,0,10172.5,797.5,10.5475,6.3275,0
marker_corner,43,1,10452.5,797.5,10.8275,6.3275,0
marker_corner,43,2,10452.5,1077.5,10.8275,6.0475,0
marker_corner,43,3,10172.5,1077.5,10.5475,6.0475,0
marker_corner,44,0,10922.5,797.5,11.2975,6.3275,0
marker_corner,44,1,11202.5,797.5,11.5775,6.3275,0
marker_corner,44,2,11202.5,1077.5,11.5775,6.0475,0
marker_corner,44,3,10922.5,1077.5,11.2975,6.0475,0
marker_corner,45,0,47.5,1172.5,0.4225,5.9525,0
marker_corner,45,1,327.5,1172.5,0.7025,5.9525,0
marker_corner,45,2,327.5,1452.5,0.7025,5.6725,0
marker_corner,45,3,47.5,1452.5,0.4225,5.6725,0
marker_corner,46,0,797.5,1172.5,1.1725,5.9525,0
marker_corner,46,1,1077.5,1172.5,1.4525,5.9525,0
marker_corner,46,2,1077.5,1452.5,1.4525,5.6725,0
marker_corner,46,3,797.5,1452.5,1.1725,5.6725,0
marker_corner,47,0,1547.5,1172.5,1.9225,5.9525,0
marker_corner,47,1,1827.5,1172.5,2.2025,5.9525,0
marker_corner,47,2,1827.5,1452.5,2.2025,5.6725,0
marker_corner,47,3,1547.5,1452.5,1.9225,5.6725,0
marker_corner,48,0,2297.5,1172.5,2.6725,5.9525,0
marker_corner,48,1,2577.5,1172.5,2.9525,5.9525,0
marker_corner,48,2,2577.5,1452.5,2.9525,5.6725,0
marker_corner,48,3,2297.5,1452.5,2.6725,5.6725,0
marker_corner,49,0,3047.5,1172.5,3.4225,5.9525,0
marker_corner,49,1,3327.5,1172.5,3.7025,5.9525,0
marker_corner,49,2,3327.5,1452.5,3.7025,5.6725,0
marker_corner,49,3,3047.5,1452.5,3.4225,5.6725,0
marker_corner,50,0,3797.5,1172.5,4.1725,5.9525,0
marker_corner,50,1,4077.5,1172.5,4.4525,5.9525,0
marker_corner,50,2,4077.5,1452.5,4.4525,5.6725,0
marker_corner,50,3,3797.5,1452.5,4.1725,5.6725,0
marker_corner,51,0,4547.5,1172.5,4.9225,5.9525,0
marker_corner,51,1,4827.5,1172.5,5.2025,5.9525,0
marker_corner,51,2,4827.5,1452.5,5.2025,5.6725,0
marker_corner,51,3,4547.5,1452.5,4.9225,5.6725,0
marker_corner,52,0,5297.5,1172.5,5.6725,5.9525,0
marker_corner,52,1,5577.5,1172.5,5.9525,5.9525,0
marker_corner,52,2,5577.5,1452.5,5.9525,5.6725,0
marker_corner,52,3,5297.5,1452.5,5.6725,5.6725,0
marker_corner,53,0,6047.5,1172.5,6.4225,5.9525,0
marker_corner,53,1,6327.5,1172.5,6.7025,5.9525,0
marker_corner,53,2,6327.5,1452.5,6.7025,5.6725,0
marker_corner,53,3,6047.5,1452.5,6.4225,5.6725,0
marker_corner,54,0,6797.5,1172.5,7.1725,5.9525,0
marker_corner,54,1,7077.5,1172.5,7.4525,5.9525,0
marker_corner,54,2,7077.5,1452.5,7.4525,5.6725,0
marker_corner,54,3,6797.5,1452.5,7.1725,5.6725,0
marker_corner,55,0,7547.5,1172.5,7.9225,5.9525,0
marker_corner,55,1,7827.5,1172.5,8.2025,5.9525,0
marker_corner,55,2,7827.5,1452.5,8.2025,5.6725,0
marker_corner,55,3,7547.5,1452.5,7.9225,5.6725,0
marker_corner,56,0,8297.5,1172.5,8.6725,5.9525,0
marker_corner,56,1,8577.5,1172.5,8.9525,5.9525,0
marker_corner,56,2,8577.5,1452.5,8.9525,5.6725,0
marker_corner,56,3,8297.5,1452.5,8.6725,5.6725,0
marker_corner,57,0,9047.5,1172.5,9.4225,5.9525,0
marker_corner,57,1,9327.5,1172.5,9.7025,5.9525,0
marker_corner,57,2,9327.5,1452.5,9.7025,5.6725,0
marker_corner,57,3,9047.5,1452.5,9.4225,5.6725,0
marker_corner,58,0,9797.5,1172.5,10.1725,5.9525,0
marker_corner,58,1,10077.5,1172.5,10.4525,5.9525,0
marker_corner,58,2,10077.5,1452.5,10.4525,5.6725,0
marker_corner,58,3,9797.5,1452.5,10.1725,5.6725,0
marker_corner,59,0,10547.5,1172.5,10.9225,5.9525,0
marker_corner,59,1,10827.5,1172.5,11.2025,5.9525,0
marker_corner,59,2,10827.5,1452.5,11.2025,5.6725,0
marker_corner,59,3,10547.5,1452.5,10.9225,5.6725,0
marker_corner,60,0,422.5,1547.5,0.7975,5.5775,0
marker_corner,60,1,702.5,1547.5,1.0775,5.5775,0
marker_corner,60,2,702.5,1827.5,1.0775,5.2975,0
marker_corner,60,3,422.5,1827.5,0.7975,5.2975,0
marker_corner,61,0,1172.5,1547.5,1.5475,5.5775,0
marker_corner,61,1,1452.5,1547.5,1.8275,5.5775,0
marker_corner,61,2,1452.5,1827.5,1.8275,5.2975,0
marker_corner,61,3,1172.5,1827.5,1.5475,5.2975,0
marker_corner,62,0,1922.5,1547.5,2.2975,5.5775,0
marker_corner,62,1,2202.5,1547.5,2.5775,5.5775,0
marker_corner,62,2,2202.5,1827.5,2.5775,5.2975,0
marker_corner,62,3,1922.5,1827.5,2.2975,5.2975,0
marker_corner,63,0,2672.5,1547.5,3.0475,5.5775,0
marker_corner,63,1,2952.5,1547.5,3.3275,5.5775,0
marker_corner,63,2,2952.5,1827.5,3.3275,5.2975,0
marker_corner,63,3,2672.5,1827.5,3.0475,5.2975,0
marker_corner,64,0,3422.5,1547.5,3.7975,5.5775,0
marker_corner,64,1,3702.5,1547.5,4.0775,5.5775,0
marker_corner,64,2,3702.5,1827.5,4.0775,5.2975,0
marker_corner,64,3,3422.5,1827.5,3.7975,5.2975,0
marker_corner,65,0,4172.5,1547.5,4.5475,5.5775,0
marker_corner,65,1,4452.5,1547.5,4.8275,5.5775,0
marker_corner,65,2,4452.5,1827.5,4.8275,5.2975,0
marker_corner,65,3,4172.5,1827.5,4.5475,5.2975,0
marker_corner,66,0,4922.5,1547.5,5.2975,5.5775,0
marker_corner,66,1,5202.5,1547.5,5.5775,5.5775,0
marker_corner,66,2,5202.5,1827.5,5.5775,5.2975,0
marker_corner,66,3,4922.5,1827.5,5.2975,5.2975,0
marker_corner,67,0,5672.5,1547.5,6.0475,5.5775,0
marker_corner,67,1,5952.5,1547.5,6.3275,5.5775,0
marker_corner,67,2,5952.5,1827.5,6.3275,5.2975,0
marker_corner,67,3,5672.5,1827.5,6.0475,5.2975,0
marker_corner,68,0,6422.5,1547.5,6.7975,5.5775,0
marker_corner,68,1,6702.5,1547.5,7.0775,5.5775,0
marker_corner,68,2,6702.5,1827.5,7.0775,5.2975,0
marker_corner,68,3,6422.5,1827.5,6.7975,5.2975,0
marker_corner,69,0,7172.5,1547.5,7.5475,5.5775,0
marker_corner,69,1,7452.5,1547.5,7.8275,5.5775,0
marker_corner,69,2,7452.5,1827.5,7.8275,5.2975,0
marker_corner,69,3,7172.5,1827.5,7.5475,5.2975,0
marker_corner,70,0,7922.5,1547.5,8.2975,5.5775,0
marker_corner,70,1,8202.5,1547.5,8.5775,5.5775,0
marker_corner,70,2,8202.5,1827.5,8.5775,5.2975,0
marker_corner,70,3,7922.5,1827.5,8.2975,5.2975,0
marker_corner,71,0,8672.5,1547.5,9.0475,5.5775,0
marker_corner,71,1,8952.5,1547.5,9.3275,5.5775,0
marker_corner,71,2,8952.5,1827.5,9.3275,5.2975,0
marker_corner,71,3,8672.5,1827.5,9.0475,5.2975,0
marker_corner,72,0,9422.5,1547.5,9.7975,5.5775,0
marker_corner,72,1,9702.5,1547.5,10.0775,5.5775,0
marker_corner,72,2,9702.5,1827.5,10.0775,5.2975,0
marker_corner,72,3,9422.5,1827.5,9.7975,5.2975,0
marker_corner,73,0,10172.5,1547.5,10.5475,5.5775,0
marker_corner,73,1,10452.5,1547.5,10.8275,5.5775,0
marker_corner,73,2,10452.5,1827.5,10.8275,5.2975,0
marker_corner,73,3,10172.5,1827.5,10.5475,5.2975,0
marker_corner,74,0,10922.5,1547.5,11.2975,5.5775,0
marker_corner,74,1,11202.5,1547.5,11.5775,5.5775,0
marker_corner,74,2,11202.5,1827.5,11.5775,5.2975,0
marker_corner,74,3,10922.5,1827.5,11.2975,5.2975,0
marker_corner,75,0,47.5,1922.5,0.4225,5.2025,0
marker_corner,75,1,327.5,1922.5,0.7025,5.2025,0
marker_corner,75,2,327.5,2202.5,0.7025,4.9225,0
marker_corner,75,3,47.5,2202.5,0.4225,4.9225,0
marker_corner,76,0,797.5,1922.5,1.1725,5.2025,0
marker_corner,76,1,1077.5,1922.5,1.4525,5.2025,0
marker_corner,76,2,1077.5,2202.5,1.4525,4.9225,0
marker_corner,76,3,797.5,2202.5,1.1725,4.9225,0
marker_corner,77,0,1547.5,1922.5,1.9225,5.2025,0
marker_corner,77,1,1827.5,1922.5,2.2025,5.2025,0
marker_corner,77,2,1827.5,2202.5,2.2025,4.9225,0
marker_corner,77,3,1547.5,2202.5,1.9225,4.9225,0
marker_corner,78,0,2297.5,1922.5,2.6725,5.2025,0
marker_corner,78,1,2577.5,1922.5,2.9525,5.2025,0
marker_corner,78,2,2577.5,2202.5,2.9525,4.9225,0
marker_corner,78,3,2297.5,2202.5,2.6725,4.9225,0
marker_corner,79,0,3047.5,1922.5,3.4225,5.2025,0
marker_corner,79,1,3327.5,1922.5,3.7025,5.2025,0
marker_corner,79,2,3327.5,2202.5,3.7025,4.9225,0
marker_corner,79,3,3047.5,2202.5,3.4225,4.9225,0
marker_corner,80,0,3797.5,1922.5,4.1725,5.2025,0
marker_corner,80,1,4077.5,1922.5,4.4525,5.2025,0
marker_corner,80,2,4077.5,2202.5,4.4525,4.9225,0
marker_corner,80,3,3797.5,2202.5,4.1725,4.9225,0
marker_corner,81,0,4547.5,1922.5,4.9225,5.2025,0
marker_corner,81,1,4827.5,1922.5,5.2025,5.2025,0
marker_corner,81,2,4827.5,2202.5,5.2025,4.9225,0
marker_corner,81,3,4547.5,2202.5,4.9225,4.9225,0
marker_corner,82,0,5297.5,1922.5,5.6725,5.2025,0
marker_corner,82,1,5577.5,1922.5,5.9525,5.2025,0
marker_corner,82,2,5577.5,2202.5,5.9525,4.9225,0
marker_corner,82,3,5297.5,2202.5,5.6725,4.9225,0
marker_corner,83,0,6047.5,1922.5,6.4225,5.2025,0
marker_corner,83,1,6327.5,1922.5,6.7025,5.2025,0
marker_corner,83,2,6327.5,2202.5,6.7025,4.9225,0
marker_corner,83,3,6047.5,2202.5,6.4225,4.9225,0
marker_corner,84,0,6797.5,1922.5,7.1725,5.2025,0
marker_corner,84,1,7077.5,1922.5,7.4525,5.2025,0
marker_corner,84,2,7077.5,2202.5,7.4525,4.9225,0
marker_corner,84,3,6797.5,2202.5,7.1725,4.9225,0
marker_corner,85,0,7547.5,1922.5,7.9225,5.2025,0
marker_corner,85,1,7827.5,1922.5,8.2025,5.2025,0
marker_corner,85,2,7827.5,2202.5,8.2025,4.9225,0
marker_corner,85,3,7547.5,2202.5,7.9225,4.9225,0
marker_corner,86,0,8297.5,1922.5,8.6725,5.2025,0
marker_corner,86,1,8577.5,1922.5,8.9525,5.2025,0
marker_corner,86,2,8577.5,2202.5,8.9525,4.9225,0
marker_corner,86,3,8297.5,2202.5,8.6725,4.9225,0
marker_corner,87,0,9047.5,1922.5,9.4225,5.2025,0
marker_corner,87,1,9327.5,1922.5,9.7025,5.2025,0
marker_corner,87,2,9327.5,2202.5,9.7025,4.9225,0
marker_corner,87,3,9047.5,2202.5,9.4225,4.9225,0
marker_corner,88,0,9797.5,1922.5,10.1725,5.2025,0
marker_corner,88,1,10077.5,1922.5,10.4525,5.2025,0
marker_corner,88,2,10077.5,2202.5,10.4525,4.9225,0
marker_corner,88,3,9797.5,2202.5,10.1725,4.9225,0
marker_corner,89,0,10547.5,1922.5,10.9225,5.2025,0
marker_corner,89,1,10827.5,1922.5,11.2025,5.2025,0
marker_corner,89,2,10827.5,2202.5,11.2025,4.9225,0
marker_corner,89,3,10547.5,2202.5,10.9225,4.9225,0
